brand_folder,brand,rank,days_running,started_running,display_format,cta_type,headline,primary_text,card_text,landing_url,foreplay_url,foreplay_id,images
01_vidIQ,vidIQ,1,308,2025-11-13,IMAGE,SIGN_UP,Get Discovered on YouTube 🎥 with vidIQ — Start Today!,🌟 vidIQ: AI-powered tools for Youtube Creators,,https://vidiq.com/,https://app.foreplay.co/discovery?ad=maTsns6lHkyITGxwt7Lp,maTsns6lHkyITGxwt7Lp,https://r2.foreplay.co/6c2d430b0e7987160b57e7ff1f5a670ab483a2e7de9873b6f236e68f78fc81d7.png
01_vidIQ,vidIQ,2,244,2026-01-16,IMAGE,LEARN_MORE,Your 24/7 YouTube Growth Advantage,"Entering 2026 with the same strategy? Switch to data-backed ideas, hooks, and formats with vidIQ.",,https://vidiq.com/,https://app.foreplay.co/discovery?ad=70mDiAn4TjgDtQk5Rj0c,70mDiAn4TjgDtQk5Rj0c,https://r2.foreplay.co/5bb2148f0e5de9f2ed75bdd731e652f3c109f07a28e807d4e210ad1a5551dc0c.png
01_vidIQ,vidIQ,3,140,2026-04-30,IMAGE,LEARN_MORE,Unlock YouTube Growth in 2026,"Stuck at 1,000 subs + 4,000 hours? Stop guessing what to upload. vidIQ helps you find searchable topics, better titles, and thumbnails that earn watch time. Get 25% off forever.",,https://vidiq.com/unlock-growth/,https://app.foreplay.co/discovery?ad=K8wDRMMI2n39o42WtTzu,K8wDRMMI2n39o42WtTzu,https://r2.foreplay.co/9ac9dc0d7c6220ed6714132f2ca21e7f9a456297ad4b99394bd34f7ec512e392.png
01_vidIQ,vidIQ,4,133,2026-05-07,IMAGE,LEARN_MORE,Unlock YouTube Growth in 2026,"🚨 PROMO ALERT: 25% OFF vidIQ FOREVER.
Get better keywords, thumbnails, and data so every upload moves you closer to your goals. Upgrade now and lock in your lifetime discount before it’s gone.",,https://vidiq.com/unlock-growth/,https://app.foreplay.co/discovery?ad=AXydyhJ67hTN3YdKjbw2,AXydyhJ67hTN3YdKjbw2,https://r2.foreplay.co/2d76b2a962eec5a70139f1b18a07d12546fd98658bf9d48d1326bb48e0593aeb.png
01_vidIQ,vidIQ,5,122,2026-05-18,IMAGE,INSTALL_MOBILE_APP,New: vidIQ for Instagram,"Stop guessing what to post on Instagram. Get AI-powered Reel ideas, hook fixes, trends, captions, and competitor insights in one toolkit.",,http://itunes.apple.com/app/id1458235345,https://app.foreplay.co/discovery?ad=gykpG2x7Dg8YKEm7yp5K,gykpG2x7Dg8YKEm7yp5K,https://r2.foreplay.co/31301832a1f277bd85bcdf4366ba791a5205b64b02aeaf975979e95f45e8d0e2.png
01_vidIQ,vidIQ,6,94,2026-06-15,IMAGE,LEARN_MORE,Unlock YouTube Growth in 2026,"🚨 PROMO ALERT: 25% OFF vidIQ FOREVER.
Get better keywords, thumbnails, and data so every upload moves you closer to your goals. Upgrade now and lock in your lifetime discount before it’s gone.",,https://vidiq.com/unlock-growth/,https://app.foreplay.co/discovery?ad=tf43KzMY5LaiQGjPl6kU,tf43KzMY5LaiQGjPl6kU,https://r2.foreplay.co/dd9b39256cacd5b247dac76772a46488ea2bf948660cc900c87c84f24eb4f4ed.png
01_vidIQ,vidIQ,7,71,2026-07-08,IMAGE,LEARN_MORE,Unlock YouTube Growth in 2026,"Stuck at 1,000 subs + 4,000 hours? Stop guessing what to upload. vidIQ helps you find searchable topics, better titles, and thumbnails that earn watch time. Get 25% off forever.",,https://vidiq.com/unlock-growth/,https://app.foreplay.co/discovery?ad=K4tyjfJVW8fsX9KKhdyb,K4tyjfJVW8fsX9KKhdyb,https://r2.foreplay.co/7aa35bf26c61960a2b407e7d28924dfa73e896bc24c1f463baeda3d2402f836c.png
01_vidIQ,vidIQ,8,68,2026-07-11,IMAGE,LEARN_MORE,See Where Your Youtube Channel Is Falling Behind,What if you knew exactly where a YouTube channel is falling behind? Get a free vidIQ audit and see the gaps holding it back.,,https://vidiq.com/youtube-channel-audit/,https://app.foreplay.co/discovery?ad=AtzWp2sbROhQLPOmLpf6,AtzWp2sbROhQLPOmLpf6,https://r2.foreplay.co/305b49c173e9df8809a103590c0f41974fa1a01f83c779414ad03f4f337a52a9.png
01_vidIQ,vidIQ,9,61,2026-07-18,IMAGE,LEARN_MORE,Hit Your Next Milestone,"Starting a YouTube channel is easier when you know what to post next. vidIQ helps you find ideas, titles, keywords, and thumbnails so you can grow with direction.",,https://vidiq.com/,https://app.foreplay.co/discovery?ad=NO9bhFDkvIwrCr0bXL6o,NO9bhFDkvIwrCr0bXL6o,https://r2.foreplay.co/f10169d1392cf9a245d73ee160e8b7526c8e8fe416e85e737a6dfcc51ce2a9a7.png
01_vidIQ,vidIQ,10,39,2026-08-09,IMAGE,LEARN_MORE,Hit Your Next Milestone,"Starting a YouTube channel is easier when you know what to post next. vidIQ helps you find ideas, titles, keywords, and thumbnails so you can grow with direction.",,https://vidiq.com/,https://app.foreplay.co/discovery?ad=ZkMQWQ7s5aJhJVEUtOfc,ZkMQWQ7s5aJhJVEUtOfc,https://r2.foreplay.co/58e5c277aaceb9795dd081eb04c5a5bcb432eae493672d00464ce9e62f049530.png
01_vidIQ,vidIQ,11,39,2026-08-09,IMAGE,LEARN_MORE,Hit Your Next Milestone,"Starting a YouTube channel is easier when you know what to post next. vidIQ helps you find ideas, titles, keywords, and thumbnails so you can grow with direction.",,https://vidiq.com/,https://app.foreplay.co/discovery?ad=KVrjf30ldxBHvF6gOJxO,KVrjf30ldxBHvF6gOJxO,https://r2.foreplay.co/e89174e17107145767dbc2873e277b66c62a35ce0f283fd5979e2c06b24c9868.png
01_vidIQ,vidIQ,12,23,2026-08-25,IMAGE,LEARN_MORE,Hit Your Next Milestone,"Starting a YouTube channel is easier when you know what to post next. vidIQ helps you find ideas, titles, keywords, and thumbnails so you can grow with direction.",,https://vidiq.com/lp/youtube-monetization/,https://app.foreplay.co/discovery?ad=ihkel7ewBNq5fqaIuVLo,ihkel7ewBNq5fqaIuVLo,https://r2.foreplay.co/f10169d1392cf9a245d73ee160e8b7526c8e8fe416e85e737a6dfcc51ce2a9a7.png
01_vidIQ,vidIQ,13,23,2026-08-25,IMAGE,LEARN_MORE,Hit Your Next Milestone,"Starting a YouTube channel is easier when you know what to post next. vidIQ helps you find ideas, titles, keywords, and thumbnails so you can grow with direction.",,https://vidiq.com/,https://app.foreplay.co/discovery?ad=G7QlbgbHnXvBKmEEZ4wS,G7QlbgbHnXvBKmEEZ4wS,https://r2.foreplay.co/58e5c277aaceb9795dd081eb04c5a5bcb432eae493672d00464ce9e62f049530.png
01_vidIQ,vidIQ,14,13,2026-09-04,CAROUSEL,SEE_DETAILS,100 → 55K subs with Coach Jeff,The Car Guy Chronicles With Zac. See what changed →,"100 → 55K subs with Coach Jeff / The Car Guy Chronicles With Zac. See what changed →; Same channel. 450 → 1.2M views / New title, new thumbnail, same creator. That's coaching.; 50% off your first month / Get your channel reviewed. 4.87/5 from 1,291 ratings.",https://vidiq.com/coaching/,https://app.foreplay.co/discovery?ad=h6NTIwFMUx5VdzN2OKu2,h6NTIwFMUx5VdzN2OKu2,https://r2.foreplay.co/a37a30cfa1f9e5fe60246e47c5c3abd6a96bdc06e4bbe92ef3b5918f3d4be770.png; https://r2.foreplay.co/582cb05df50ee9df9ec54bffc998704c0d661d790440a5aa28058101645ab9e7.png; https://r2.foreplay.co/27158fc612aea5fd1f74a67c3837b729b013680dedf76a743fb43a2c8a05e94c.png
02_OpusClip,OpusClip,1,212,2026-02-17,IMAGE,LEARN_MORE,Get 60 Minutes of Free Credits Monthly!,"Try the #1 most popular podcast clipping tool powered by killer AI features:
🚀 Virality Score & AI curation: Our AI picks out clips that are most likely to go viral
🎞 AI B-Roll: Automatically inserts engaging B-Roll footage to spice up your clips
🔆 Speaker Detection: Our AI analyzes moving faces and ensures you + your guest's faces are always center frame
🖼 Dynamic Layouts: Clip automatically switches between full screen, 2-person, 3-person, screenshare, and more as needed
🫢 Filler Word Removal: Removes words like “um”, “uh” and more so your video sounds cleaner 
It doesn’t stop there… Export to vertical, square or landscape, autopost to your social channels, and much more. 

Try it today and get up to 25 free clips every month.",,https://www.opus.pro/try-opus-clip,https://app.foreplay.co/discovery?ad=rjzskuOGcUvrDvVD3dX5,rjzskuOGcUvrDvVD3dX5,https://r2.foreplay.co/e0b939057441733c11daa6dbe0ba2c5c02825a782de37efa472d6748f55c2c7c.png
02_OpusClip,OpusClip,2,187,2026-03-14,IMAGE,DOWNLOAD,Get 60 Minutes of Free Credits Monthly!,"Try the #1 most popular video clipping tool powered by killer AI features:
🚀 Virality Score & AI curation: Our AI picks out clips that are most likely to go viral
🎞 AI B-Roll: Automatically inserts engaging B-Roll footage to spice up your clips
🔆 Speaker Detection: Our AI analyzes moving faces and ensures you + your guest's faces are always center frame
🖼 Dynamic Layouts: Clip automatically switches between full screen, 2-person, 3-person, screenshare, and more as needed
🫢 Filler Word Removal: Removes words like “um”, “uh” and more so your video sounds cleaner 
It doesn’t stop there… Export to vertical, square or landscape, autopost to your social channels, and much more. 

Try it today and get up to 25 free clips every month.",,http://itunes.apple.com/app/id6743615403,https://app.foreplay.co/discovery?ad=jRhqqD7k4J8FU98tgio2,jRhqqD7k4J8FU98tgio2,https://r2.foreplay.co/e0b939057441733c11daa6dbe0ba2c5c02825a782de37efa472d6748f55c2c7c.png
02_OpusClip,OpusClip,3,187,2026-03-14,IMAGE,DOWNLOAD,Get 60 Minutes of Free Credits Monthly!,"Try the #1 most popular video clipping tool powered by killer AI features:
🚀 Virality Score & AI curation: Our AI picks out clips that are most likely to go viral
🎞 AI B-Roll: Automatically inserts engaging B-Roll footage to spice up your clips
🔆 Speaker Detection: Our AI analyzes moving faces and ensures you + your guest's faces are always center frame
🖼 Dynamic Layouts: Clip automatically switches between full screen, 2-person, 3-person, screenshare, and more as needed
🫢 Filler Word Removal: Removes words like “um”, “uh” and more so your video sounds cleaner 
It doesn’t stop there… Export to vertical, square or landscape, autopost to your social channels, and much more. 

Try it today and get up to 25 free clips every month.",,http://itunes.apple.com/app/id6743615403,https://app.foreplay.co/discovery?ad=L1ZXsBmNVXQU32H77ebe,L1ZXsBmNVXQU32H77ebe,https://r2.foreplay.co/e0b939057441733c11daa6dbe0ba2c5c02825a782de37efa472d6748f55c2c7c.png
02_OpusClip,OpusClip,4,187,2026-03-14,IMAGE,DOWNLOAD,Get 60 Minutes of Free Credits Monthly!,"Try the #1 most popular video clipping tool powered by killer AI features:
🚀 Virality Score & AI curation: Our AI picks out clips that are most likely to go viral
🎞 AI B-Roll: Automatically inserts engaging B-Roll footage to spice up your clips
🔆 Speaker Detection: Our AI analyzes moving faces and ensures you + your guest's faces are always center frame
🖼 Dynamic Layouts: Clip automatically switches between full screen, 2-person, 3-person, screenshare, and more as needed
🫢 Filler Word Removal: Removes words like “um”, “uh” and more so your video sounds cleaner 
It doesn’t stop there… Export to vertical, square or landscape, autopost to your social channels, and much more. 

Try it today and get up to 25 free clips every month.",,http://itunes.apple.com/app/id6743615403,https://app.foreplay.co/discovery?ad=Iq794AnYmw19J9HCmA18,Iq794AnYmw19J9HCmA18,https://r2.foreplay.co/e0b939057441733c11daa6dbe0ba2c5c02825a782de37efa472d6748f55c2c7c.png
02_OpusClip,OpusClip,5,129,2026-05-11,IMAGE,LEARN_MORE,Get 60 Minutes of Free Credits Monthly!,"Try the #1 most popular podcast clipping tool powered by killer AI features:
🚀 Virality Score & AI curation: Our AI picks out clips that are most likely to go viral
🎞 AI B-Roll: Automatically inserts engaging B-Roll footage to spice up your clips
🔆 Speaker Detection: Our AI analyzes moving faces and ensures you + your guest's faces are always center frame
🖼 Dynamic Layouts: Clip automatically switches between full screen, 2-person, 3-person, screenshare, and more as needed
🫢 Filler Word Removal: Removes words like “um”, “uh” and more so your video sounds cleaner 
It doesn’t stop there… Export to vertical, square or landscape, autopost to your social channels, and much more. 

Try it today and get up to 25 free clips every month.",,https://www.opus.pro/try-opus-clip,https://app.foreplay.co/discovery?ad=mUwcMRjojLkk4jul52t0,mUwcMRjojLkk4jul52t0,https://r2.foreplay.co/8ff12a8d03c9467c9c475dcf168fe65281bcc842947c598f7ccaf847fe3f404a.png
02_OpusClip,OpusClip,6,127,2026-05-13,CAROUSEL,LEARN_MORE,Get 60 Minutes of Free Credits Monthly!,Try AI Podcast Clipping,Get 60 Minutes of Free Credits Monthly! / Try AI Podcast Clipping,https://www.opus.pro/try-opus-clip,https://app.foreplay.co/discovery?ad=lVOf3YdYI8lL7Terfora,lVOf3YdYI8lL7Terfora,https://r2.foreplay.co/e0b939057441733c11daa6dbe0ba2c5c02825a782de37efa472d6748f55c2c7c.png; https://r2.foreplay.co/911148b5fed924c489796aaf7a4eb039ed1db945a2b93f512d0ea02bff40b5ce.png; https://r2.foreplay.co/8ff12a8d03c9467c9c475dcf168fe65281bcc842947c598f7ccaf847fe3f404a.png
02_OpusClip,OpusClip,7,51,2026-07-28,IMAGE,LEARN_MORE,Get 60 Minutes of Free Credits Monthly!,"Try the #1 most popular podcast clipping tool powered by killer AI features:
🚀 Virality Score & AI curation: Our AI picks out clips that are most likely to go viral
🎞 AI B-Roll: Automatically inserts engaging B-Roll footage to spice up your clips
🔆 Speaker Detection: Our AI analyzes moving faces and ensures you + your guest's faces are always center frame
🖼 Dynamic Layouts: Clip automatically switches between full screen, 2-person, 3-person, screenshare, and more as needed
🫢 Filler Word Removal: Removes words like “um”, “uh” and more so your video sounds cleaner 
It doesn’t stop there… Export to vertical, square or landscape, autopost to your social channels, and much more. 

Try it today and get up to 25 free clips every month.",,https://www.opus.pro/try-opus-clip,https://app.foreplay.co/discovery?ad=COqOVBDcB3WAMpcpjROA,COqOVBDcB3WAMpcpjROA,https://r2.foreplay.co/911148b5fed924c489796aaf7a4eb039ed1db945a2b93f512d0ea02bff40b5ce.png
02_OpusClip,OpusClip,8,47,2026-08-01,CAROUSEL,LEARN_MORE,Video Editor, ,Video Editor; AI Video Clipper; Viral Clip Maker,https://www.opus.pro/try-opus-clip,https://app.foreplay.co/discovery?ad=TdYApm3tvehVO9tLpgvW,TdYApm3tvehVO9tLpgvW,https://r2.foreplay.co/45631b80c3b65348f53137575a3b555aa3cd8d12aab672b5f0b3963a2156c9a0.png; https://r2.foreplay.co/b6f1ea492e72c4a716eabc061419a7d2ec6094df551415658e94f7e88717576b.png; https://r2.foreplay.co/ac3c8f356b080e0e691792e14912f479ac674b636f6388447613443e81ff558e.png
02_OpusClip,OpusClip,9,27,2026-08-21,IMAGE,LEARN_MORE,Get 60 Minutes of Free Credits Monthly!,OpusClip uses AI to turn your video assets into ready-to-post-clips 🎬📈 . Upload a video now and get your first clips free!,,https://www.opus.pro/try-opus-clip,https://app.foreplay.co/discovery?ad=qimkLMgIInduM2U3zGd2,qimkLMgIInduM2U3zGd2,https://r2.foreplay.co/39c1b686764ab23d1513044527272bddde41c9c06d388cc8c2edf24597af9a52.png
02_OpusClip,OpusClip,10,27,2026-08-21,IMAGE,LEARN_MORE,Get 60 Minutes of Free Credits Monthly!,OpusClip uses AI to turn your video assets into ready-to-post-clips 🎬📈 . Upload a video now and get your first clips free!,,https://www.opus.pro/try-opus-clip,https://app.foreplay.co/discovery?ad=INHGZahef2UmwdpDxej4,INHGZahef2UmwdpDxej4,https://r2.foreplay.co/39c1b686764ab23d1513044527272bddde41c9c06d388cc8c2edf24597af9a52.png
02_OpusClip,OpusClip,11,22,2026-08-26,CAROUSEL,LEARN_MORE,Get 60 Minutes of Free Credits Monthly!,Edit Faster with AI,Get 60 Minutes of Free Credits Monthly! / Edit Faster with AI; Video Editor; AI Video Editor; Viral Clip Creator,https://www.opus.pro/try-opus-clip,https://app.foreplay.co/discovery?ad=9RpNfrelJZR6Dgvp2n3K,9RpNfrelJZR6Dgvp2n3K,https://r2.foreplay.co/39c1b686764ab23d1513044527272bddde41c9c06d388cc8c2edf24597af9a52.png; https://r2.foreplay.co/aac7f8e1ddd49fa13d71fafae9bb4396f263694020252cb21dcfcc68523c6777.png; https://r2.foreplay.co/b755f4b3f7e2968fc635d99feeabdf5df141121aa4c7cc01e9b7e33a4aa1a1c0.png; https://r2.foreplay.co/ef1d2c3a427b19a18b962497fcc348c68419dfc4d528e52a85e43c49c596e6ee.png
02_OpusClip,OpusClip,12,21,2026-08-27,IMAGE,LEARN_MORE,Get 60 Minutes of Free Credits Monthly!,"Try the #1 most popular video clipping tool powered by killer AI features:
🚀 Virality Score & AI curation: Our AI picks out clips that are most likely to go viral
🎞 AI B-Roll: Automatically inserts engaging B-Roll footage to spice up your clips
🔆 Speaker Detection: Our AI analyzes moving faces and ensures you + your guest's faces are always center frame
🖼 Dynamic Layouts: Clip automatically switches between full screen, 2-person, 3-person, screenshare, and more as needed
🫢 Filler Word Removal: Removes words like “um”, “uh” and more so your video sounds cleaner 
It doesn’t stop there… Export to vertical, square or landscape, autopost to your social channels, and much more. 

Try it today and get up to 25 free clips every month.",,http://www.opus.pro/try-opus-clip,https://app.foreplay.co/discovery?ad=fgNR0pUubRe5hMtunwth,fgNR0pUubRe5hMtunwth,https://r2.foreplay.co/ae48b44b2b9782403d6a7192b67633e25f69dc74084d84fa68b6de3958da7823.png
02_OpusClip,OpusClip,13,20,2026-08-28,IMAGE,LEARN_MORE,Get 60 Minutes of Free Credits Monthly!,"Try the #1 most popular video clipping tool powered by killer AI features:
🚀 Virality Score & AI curation: Our AI picks out clips that are most likely to go viral
🎞 AI B-Roll: Automatically inserts engaging B-Roll footage to spice up your clips
🔆 Speaker Detection: Our AI analyzes moving faces and ensures you + your guest's faces are always center frame
🖼 Dynamic Layouts: Clip automatically switches between full screen, 2-person, 3-person, screenshare, and more as needed
🫢 Filler Word Removal: Removes words like “um”, “uh” and more so your video sounds cleaner 
It doesn’t stop there… Export to vertical, square or landscape, autopost to your social channels, and much more. 

Try it today and get up to 25 free clips every month.",,http://www.opus.pro/try-opus-clip,https://app.foreplay.co/discovery?ad=vJX0WhnYpQZVEeB7QV2G,vJX0WhnYpQZVEeB7QV2G,https://r2.foreplay.co/e0b939057441733c11daa6dbe0ba2c5c02825a782de37efa472d6748f55c2c7c.png
02_OpusClip,OpusClip,14,19,2026-08-29,CAROUSEL,LEARN_MORE,Get 60 Minutes of Free Credits Monthly!,The #1 A.I. Editing Tool For Shorts,Get 60 Minutes of Free Credits Monthly! / The #1 A.I. Editing Tool For Shorts,http://www.opus.pro/try-opus-clip,https://app.foreplay.co/discovery?ad=fL7QUe9dxrtMxOKNToWn,fL7QUe9dxrtMxOKNToWn,https://r2.foreplay.co/ae48b44b2b9782403d6a7192b67633e25f69dc74084d84fa68b6de3958da7823.png; https://r2.foreplay.co/10933834b41c318c3f090a645ece452e2858b54d8e8ebec906e4d34b6dc360af.png; https://r2.foreplay.co/8ff12a8d03c9467c9c475dcf168fe65281bcc842947c598f7ccaf847fe3f404a.png; https://r2.foreplay.co/a9229a6d9c859ec2ffa49c60a6f916387979482d9c6b0d3219c44928c9f92911.png; https://r2.foreplay.co/139e539058c50f1fe6a8db6311c3e4c4ba05d6b5ab0b55398b950a8dbb8b48d1.png; https://r2.foreplay.co/911148b5fed924c489796aaf7a4eb039ed1db945a2b93f512d0ea02bff40b5ce.png; https://r2.foreplay.co/3c93fc7e2f8f65aa8ee642139b0fdd336e4400feac5b6b97586c347f0a1dc588.png; https://r2.foreplay.co/95f57e04e91757931d2a63fe77aabbf146aeadf9e85e20b1f57bd2b9a8b276c0.png; https://r2.foreplay.co/e0b939057441733c11daa6dbe0ba2c5c02825a782de37efa472d6748f55c2c7c.png
02_OpusClip,OpusClip,15,19,2026-08-29,IMAGE,LEARN_MORE,Get 60 Minutes of Free Credits Monthly!,"Try the #1 most popular video clipping tool powered by killer AI features:
🚀 Virality Score & AI curation: Our AI picks out clips that are most likely to go viral
🎞 AI B-Roll: Automatically inserts engaging B-Roll footage to spice up your clips
🔆 Speaker Detection: Our AI analyzes moving faces and ensures you + your guest's faces are always center frame
🖼 Dynamic Layouts: Clip automatically switches between full screen, 2-person, 3-person, screenshare, and more as needed
🫢 Filler Word Removal: Removes words like “um”, “uh” and more so your video sounds cleaner 
It doesn’t stop there… Export to vertical, square or landscape, autopost to your social channels, and much more. 

Try it today and get up to 25 free clips every month.",,http://www.opus.pro/try-opus-clip,https://app.foreplay.co/discovery?ad=IprjCfFrOPzafTHY7aCo,IprjCfFrOPzafTHY7aCo,https://r2.foreplay.co/8ff12a8d03c9467c9c475dcf168fe65281bcc842947c598f7ccaf847fe3f404a.png
03_Skool,Skool,1,422,2025-07-22,IMAGE,LEARN_MORE,🔥 Start your FREE trial NOW,"Building your future online with a community is a brilliant idea, and there’s no better place to do it than Skool 🙌

👉 We’re an all-in-one platform that lets you set up your community in minutes 😍

Start with our 14-day FREE trial. Then dive into the Skoolers community, where over 50,000 creators are collaborating and sharing what’s working for them.
People with monthly recurring revenue as high as $300K share openly what they’re doing 🤯

PLUS: You also get full beginner training in the community classroom 🤓

👉 If you’re serious about this, there’s no better way to begin than by joining a community. See how this unique, fun, and sustainable approach to monetizing your passion and growing online really works.

Sign up here now: https://www.skool.com/signup 

Our creators are earning over $1 billion a year 🥰💸

You can be part of it. Join us now, kickstart something new, and get started for FREE today.",,http://skool.com/signup,https://app.foreplay.co/discovery?ad=vtGINAbJsTA3QSbHHeQx,vtGINAbJsTA3QSbHHeQx,https://r2.foreplay.co/23997262379883750/94f917827c5554121291f79969e764ec.jpg
03_Skool,Skool,2,363,2025-09-19,IMAGE,LEARN_MORE,Get started for FREE 🔥 Unlock the 14-Day Trial,"👉 Join 171.9k community builders collectively earning over $1 billion per year on the Skool platform TODAY.

❤️‍🔥 Our mission: Bring community to over 1 billion people
🤝 Simple setup: Launch your community and start receiving payments in under 90 seconds
💙 Proven funnel: Top creators grow by adding their link in social media bios, under YouTube videos, through our internal discovery feature, or with ads

Start your 14-day free trial now: skool.com/signup

What you get when you sign up:
✅Community software: Your own Skool with community, classroom, calendar, map, and more
✅ Access to Skoolers: A thriving community of creators and entrepreneurs openly sharing what works and supporting each other
✅ Training: Skool 101, Alex Hormozi’s $100M Money Models training, plus weekly updates

Start your 14-day free trial now: skool.com/signup

After your trial, it’s just $9/month for Hobby or $99/month for Premium.",,http://skool.com/signup,https://app.foreplay.co/discovery?ad=WvuamEWGKJ9Y2RwZtzv8,WvuamEWGKJ9Y2RwZtzv8,https://r2.foreplay.co/a9eb9044667a71efb9a704d8fc8ebad36a535d033a3e56794994629435830cac.png
03_Skool,Skool,3,355,2025-09-27,IMAGE,LEARN_MORE,🔥 Start your FREE trial NOW,"Got something you love? You should make a skool for that!

🎨 Like painting?
🎮 Love games?
🧘‍♀️ Into wellness, fitness, or breathwork?
💡 Always giving advice or sharing ideas?

Whatever you’re into… skool makes it easy to turn your passion into a business.
You make a group.

People join.

You can share, teach, and earn … all in one place 🌱

👉 No tech stress. No pressure. Just passion.

Sign up here now: https://www.skool.com/signup 

Try it free for 14 days. See what happens",,http://skool.com/signup,https://app.foreplay.co/discovery?ad=cJDc10Hop1a7guee5noI,cJDc10Hop1a7guee5noI,https://r2.foreplay.co/25567459346243350/d52e330e8a9ba7a5bba46ac7f8205539.jpg
03_Skool,Skool,4,347,2025-10-05,IMAGE,LEARN_MORE,Get started for FREE 🔥 Unlock the 14-Day Trial,"👉 Join 171.9k community builders collectively earning over $1 billion per year on the Skool platform TODAY.

❤️‍🔥 Our mission: Bring community to over 1 billion people
🤝 Simple setup: Launch your community and start receiving payments in under 90 seconds
💙 Proven funnel: Top creators grow by adding their link in social media bios, under YouTube videos, through our internal discovery feature, or with ads

Start your 14-day free trial now: skool.com/signup

What you get when you sign up:
✅Community software: Your own Skool with community, classroom, calendar, map, and more
✅ Access to Skoolers: A thriving community of creators and entrepreneurs openly sharing what works and supporting each other
✅ Training: Skool 101, Alex Hormozi’s $100M Money Models training, plus weekly updates

Start your 14-day free trial now: skool.com/signup

After your trial, it’s just $9/month for Hobby or $99/month for Premium.",,http://skool.com/signup,https://app.foreplay.co/discovery?ad=EwXPjDmRRROb1C5ATBIk,EwXPjDmRRROb1C5ATBIk,https://r2.foreplay.co/518199394721648/c959667d03ac145358253f22b351ac3e.jpg
03_Skool,Skool,5,342,2025-10-10,IMAGE,LEARN_MORE,🔥 Start your FREE trial NOW,"👉 Join 171.9k community builders collectively earning over $1 billion per year on the Skool platform TODAY.

❤️‍🔥 Our mission: Bring community to over 1 billion people
🤝 Simple setup: Launch your community and start receiving payments in under 90 seconds
💙 Proven funnel: Top creators grow by adding their link in social media bios, under YouTube videos, through our internal discovery feature, or with ads

Start your 14-day free trial now: skool.com/signup

What you get when you sign up:
✅Community software: Your own Skool with community, classroom, calendar, map, and more
✅ Access to Skoolers: A thriving community of creators and entrepreneurs openly sharing what works and supporting each other
✅ Training: Skool 101, Alex Hormozi’s $100M Money Models training, plus weekly updates

Start your 14-day free trial now: skool.com/signup

After your trial, it’s just $9/month for Hobby or $99/month for Premium.",,http://skool.com/signup,https://app.foreplay.co/discovery?ad=SUqBGxfOfygYbDaBZv6q,SUqBGxfOfygYbDaBZv6q,https://r2.foreplay.co/968441388814912/46c733a25ea058d5dc8a904dbbe52cae.jpg
03_Skool,Skool,6,342,2025-10-10,IMAGE,LEARN_MORE,Get started for FREE 🔥 Unlock the 14-Day Trial,"Got something you love? You should make a skool for that!

🎨 Like painting?
🎮 Love games?
🧘‍♀️ Into wellness, fitness, or breathwork?
💡 Always giving advice or sharing ideas?

Whatever you’re into… skool makes it easy to turn your passion into a business.
You make a group.

People join.

You can share, teach, and earn … all in one place 🌱

👉 No tech stress. No pressure. Just passion.

Sign up here now: https://www.skool.com/signup 

Try it free for 14 days. See what happens",,http://skool.com/signup,https://app.foreplay.co/discovery?ad=4EYpe5xYecQxPMYoUBTU,4EYpe5xYecQxPMYoUBTU,https://r2.foreplay.co/829387589778041/ea8bdd3499cf984f6906d03dc6347222.jpg
03_Skool,Skool,7,341,2025-10-11,IMAGE,LEARN_MORE,Get started for FREE 🔥 Unlock the 14-Day Trial,"Got something you love? You should make a skool for that!

🎨 Like painting?
🎮 Love games?
🧘‍♀️ Into wellness, fitness, or breathwork?
💡 Always giving advice or sharing ideas?

Whatever you’re into… skool makes it easy to turn your passion into a business.
You make a group.

People join.

You can share, teach, and earn … all in one place 🌱

👉 No tech stress. No pressure. Just passion.

Sign up here now: https://www.skool.com/signup 

Try it free for 14 days. See what happens",,http://skool.com/signup,https://app.foreplay.co/discovery?ad=fyMXjiHHdrUxCMAVfCg8,fyMXjiHHdrUxCMAVfCg8,https://r2.foreplay.co/25060352990228210/2513370bbc81cefe110d5751c8625f16.jpg
03_Skool,Skool,8,333,2025-10-19,IMAGE,LEARN_MORE,🔥 Start your FREE trial NOW,"👉 Join 171.9k community builders collectively earning over $1 billion per year on the Skool platform TODAY.

❤️‍🔥 Our mission: Bring community to over 1 billion people
🤝 Simple setup: Launch your community and start receiving payments in under 90 seconds
💙 Proven funnel: Top creators grow by adding their link in social media bios, under YouTube videos, through our internal discovery feature, or with ads

Start your 14-day free trial now: skool.com/signup

What you get when you sign up:
✅Community software: Your own Skool with community, classroom, calendar, map, and more
✅ Access to Skoolers: A thriving community of creators and entrepreneurs openly sharing what works and supporting each other
✅ Training: Skool 101, Alex Hormozi’s $100M Money Models training, plus weekly updates

Start your 14-day free trial now: skool.com/signup

After your trial, it’s just $9/month for Hobby or $99/month for Premium.",,http://skool.com/signup,https://app.foreplay.co/discovery?ad=yN4I5A1gLe7USBpIHwCB,yN4I5A1gLe7USBpIHwCB,https://r2.foreplay.co/805276992294086/3af986f46f5fd73788db9772aa200e3d.jpg
03_Skool,Skool,9,332,2025-10-20,IMAGE,LEARN_MORE,Get started for FREE 🔥 Unlock the 14-Day Trial,"👉 Join 171.9k community builders collectively earning over $1 billion per year on the Skool platform TODAY.

❤️‍🔥 Our mission: Bring community to over 1 billion people
🤝 Simple setup: Launch your community and start receiving payments in under 90 seconds
💙 Proven funnel: Top creators grow by adding their link in social media bios, under YouTube videos, through our internal discovery feature, or with ads

Start your 14-day free trial now: skool.com/signup

What you get when you sign up:
✅Community software: Your own Skool with community, classroom, calendar, map, and more
✅ Access to Skoolers: A thriving community of creators and entrepreneurs openly sharing what works and supporting each other
✅ Training: Skool 101, Alex Hormozi’s $100M Money Models training, plus weekly updates

Start your 14-day free trial now: skool.com/signup

After your trial, it’s just $9/month for Hobby or $99/month for Premium.",,http://skool.com/signup,https://app.foreplay.co/discovery?ad=yd8G7ikyEBvVNDRevF7w,yd8G7ikyEBvVNDRevF7w,https://r2.foreplay.co/24737899582568250/b28b2ab1983bd50c76ea61932dc3a00a.jpg
03_Skool,Skool,10,332,2025-10-20,IMAGE,LEARN_MORE,Get started for FREE 🔥 Unlock the 14-Day Trial,"👉 Join 171.9k community builders collectively earning over $1 billion per year on the Skool platform TODAY.

❤️‍🔥 Our mission: Bring community to over 1 billion people
🤝 Simple setup: Launch your community and start receiving payments in under 90 seconds
💙 Proven funnel: Top creators grow by adding their link in social media bios, under YouTube videos, through our internal discovery feature, or with ads

Start your 14-day free trial now: skool.com/signup

What you get when you sign up:
✅Community software: Your own Skool with community, classroom, calendar, map, and more
✅ Access to Skoolers: A thriving community of creators and entrepreneurs openly sharing what works and supporting each other
✅ Training: Skool 101, Alex Hormozi’s $100M Money Models training, plus weekly updates

Start your 14-day free trial now: skool.com/signup

After your trial, it’s just $9/month for Hobby or $99/month for Premium.",,http://skool.com/signup,https://app.foreplay.co/discovery?ad=y59LlR6Zdl5CqUTzDPkN,y59LlR6Zdl5CqUTzDPkN,https://r2.foreplay.co/24903519602602450/864e469b14ea07cd6ba0deb4701020b2.jpg
03_Skool,Skool,11,332,2025-10-20,IMAGE,LEARN_MORE,Try it free for 14 days!,"Got something you love? You should make a skool for that!

🎨 Like painting?
🎮 Love games?
🧘‍♀️ Into wellness, fitness, or breathwork?
💡 Always giving advice or sharing ideas?

Whatever you’re into… skool makes it easy to turn your passion into a business.
You make a group.

People join.

You can share, teach, and earn … all in one place 🌱

👉 No tech stress. No pressure. Just passion.

Sign up here now: https://www.skool.com/signup 

Try it free for 14 days. See what happens",,http://skool.com/signup,https://app.foreplay.co/discovery?ad=qwQCFrz2ITNgOFcRW5uh,qwQCFrz2ITNgOFcRW5uh,https://r2.foreplay.co/25283433517960690/9d69512f447f6b1eaf700f8bff04d04f.jpg
03_Skool,Skool,12,332,2025-10-20,IMAGE,LEARN_MORE,Get started for FREE 🔥 Unlock the 14-Day Trial,"Got something you love? You should make a skool for that!

🎨 Like painting?
🎮 Love games?
🧘‍♀️ Into wellness, fitness, or breathwork?
💡 Always giving advice or sharing ideas?

Whatever you’re into… skool makes it easy to turn your passion into a business.
You make a group.

People join.

You can share, teach, and earn … all in one place 🌱

👉 No tech stress. No pressure. Just passion.

Sign up here now: https://www.skool.com/signup 

Try it free for 14 days. See what happens",,http://skool.com/signup,https://app.foreplay.co/discovery?ad=oSV0XklMqirekEC7uinu,oSV0XklMqirekEC7uinu,https://r2.foreplay.co/25657429780517270/3310e333612c0dc4fbe22fd68321545b.jpg
03_Skool,Skool,13,331,2025-10-21,IMAGE,LEARN_MORE,Skool: Sign up,"Turn Your Passion into a Business!

Love painting, gaming or fitness?
Always giving advice or sharing ideas?

Create a skool and monetize your passion!
No tech stress. No pressure. Just share, teach & earn.

Try it free for 14 days!",,http://skool.com/signup,https://app.foreplay.co/discovery?ad=vflt0qtJRtE9qJviF2P6,vflt0qtJRtE9qJviF2P6,https://r2.foreplay.co/24696741989995110/b9ef49a6a4d615958df1dd445b1da644.jpg
03_Skool,Skool,14,330,2025-10-22,IMAGE,LEARN_MORE,Try it free for 14 days!,"Got something you love? You should make a skool for that!

🎨 Like painting?
🎮 Love games?
🧘‍♀️ Into wellness, fitness, or breathwork?
💡 Always giving advice or sharing ideas?

Whatever you’re into… skool makes it easy to turn your passion into a business.
You make a group.

People join.

You can share, teach, and earn … all in one place 🌱

👉 No tech stress. No pressure. Just passion.

Sign up here now: https://www.skool.com/signup 

Try it free for 14 days. See what happens",,http://skool.com/signup,https://app.foreplay.co/discovery?ad=fvUaxrCgnIyRarGrdjds,fvUaxrCgnIyRarGrdjds,https://r2.foreplay.co/6dd7e770ec125f4f5cfb050399adcd0b06c387825c899e61ae86055697fd44a2.png
03_Skool,Skool,15,330,2025-10-22,IMAGE,LEARN_MORE,🔥 Start your FREE trial NOW,"👉 Join 171.9k community builders collectively earning over $1 billion per year on the Skool platform TODAY.

❤️‍🔥 Our mission: Bring community to over 1 billion people
🤝 Simple setup: Launch your community and start receiving payments in under 90 seconds
💙 Proven funnel: Top creators grow by adding their link in social media bios, under YouTube videos, through our internal discovery feature, or with ads

Start your 14-day free trial now: skool.com/signup

What you get when you sign up:
✅Community software: Your own Skool with community, classroom, calendar, map, and more
✅ Access to Skoolers: A thriving community of creators and entrepreneurs openly sharing what works and supporting each other
✅ Training: Skool 101, Alex Hormozi’s $100M Money Models training, plus weekly updates

Start your 14-day free trial now: skool.com/signup

After your trial, it’s just $9/month for Hobby or $99/month for Premium.",,http://skool.com/signup,https://app.foreplay.co/discovery?ad=bKmqhQ7UT6ShbeQ8NsuT,bKmqhQ7UT6ShbeQ8NsuT,https://r2.foreplay.co/738d4dcd2c37097b8024cebd71e558ebbed140b9b17a823ef941770af90a1492.jpg
04_Alex_Hormozi,Alex Hormozi,1,424,2025-07-20,IMAGE,LEARN_MORE,$100M Money Models Launch Live Aug 16,"Real quick question. What’s your email address?

I want to send you something that could change how you think about business.

Here’s what most entrepreneurs don’t understand about money…

They think the problem is getting more customers.

More traffic.

More leads.

But after building my $250M portfolio, I discovered something different.

The businesses that print money don’t just get more customers.

They have better Money Models.

Money Models are the reason some entrepreneurs struggle to hit $1M while others scale to $100M with the same effort.

It’s the difference between working IN your business and building a machine that works WITHOUT you.

I’ve spent the last six years perfecting these frameworks.

Testing them across multiple industries.

Refining them in my portfolio.

And on August 16th, I’m revealing the entire playbook live.

Not theory. Not fluff.

The exact Money Models that turn the same customers into recurring revenue machines.

Plus, everyone who shows up gets access to something I’ve been building in secret for four years.

Can’t say what it is.

But it’s the missing piece that makes everything else work.

This isn’t for everyone.

This is for entrepreneurs ready to understand how money actually flows in business.

Your move.

August 16th.

Register for the live event now.",,http://register.acquisition.com/,https://app.foreplay.co/discovery?ad=N8s1uIhTqOcEtbcVe7tv,N8s1uIhTqOcEtbcVe7tv,https://r2.foreplay.co/23987608450898890/995771e242b76e2c3fde3be4473231a7.jpg
04_Alex_Hormozi,Alex Hormozi,2,424,2025-07-20,IMAGE,LEARN_MORE,$100M Money Models Launch Live Aug 16,"Here’s something concerning to think about…

Right now, your competitors might be reading this same message.

Some will scroll past.

But a few will click.

And those few will quietly leave you behind.

Why?

Because they’ll learn what most have been missing.

On August 16th, I’m hosting a live event.

I’m revealing the Money Models that quietly built my $250M portfolio.

These aren’t tactics. They’re profit frameworks.

The same models that:

Multiply revenue without adding more leads
Turn the same buyers into repeat, higher-value customers
Build a business that compounds instead of burns out

And I’m not doing this to sell a book.

Here’s why I’m putting so much into this event…

Because the ones who get these models will see growth that looks effortless.

And the ones who don’t?

They’ll just wonder how they got left behind.

There’s more…

I’ve been building a secret project for 4 years.

Can’t say what it is yet.

But every single person who shows up live gets it, free.

But only if you’re in the room.

Here’s the reality…

If you don’t take action on this, someone else will.

Register for the live event now. Free. August 16th.",,http://register.acquisition.com/,https://app.foreplay.co/discovery?ad=LfnQfiYQ0Fjz1wwoNFF5,LfnQfiYQ0Fjz1wwoNFF5,https://r2.foreplay.co/23952062461082510/3f18ededf918a840d7ca6f60f1fccb76.jpg
04_Alex_Hormozi,Alex Hormozi,3,401,2025-08-12,IMAGE,LEARN_MORE,LIVE This Saturday: $100M Money Models Launch,"Real quick question. What's your email address? 

I want to send you an insane invitation to the biggest entrepreneur event of the season.
 
Most people think they need more customers. 

But here's what I learned building my $250M portfolio... You don't need more customers. 

You need better Money Models. 

$100M Money Models shows how to get more customers to spend more money with you, in less time, over and over again. 

I've been working on this book since 2019. 

It's the tactics that only the pros know. 

The stuff you can only learn through trial and error. 

And on August 16th, I'm walking through the whole system live. 

Plus I'm giving away a secret project I've been working on for two years. 

Can't say what it is. 

But every single person who shows up live gets one. 

This is going to be absurd. 

And if you preorder the $100M Money Models book, you get all the bonuses too.
 
Register for my live event now. 

Expect fireworks.",,http://register.acquisition.com/,https://app.foreplay.co/discovery?ad=9zXKtVG6aJn5yDtiHfUd,9zXKtVG6aJn5yDtiHfUd,https://r2.foreplay.co/24927237466878390/0b2618b7da7674da601bc766bf9efcc4.jpg
04_Alex_Hormozi,Alex Hormozi,4,160,2026-04-10,IMAGE,DOWNLOAD,Get the Sales Tone PDF Now,"I've got something for you, especially if you're a business owner doing $1M+ a year and you've got a sales team.

The Free Sales Team Training: Use Tone That Converts. It covers:
- How to get your reps to internalize the script, not just memorize it
- The three constants every call needs: speed, volume, and clarity
- Why pausing 8+ seconds after asking for the sale increases close rates 23–40%
- The five buckets every objection falls into and how to handle them
- A daily training system so your team closes without you on every call

It's probably the best free gift I can give you if you've got people selling for you, because if your team puts this stuff into practice, they're going to close more deals with fewer words.

If you haven't grabbed it yet, just click the link and get the PDF for free.",,https://www.acquisition.com/sales-oo,https://app.foreplay.co/discovery?ad=udP7NMmPGfTd22OEZmbX,udP7NMmPGfTd22OEZmbX,https://r2.foreplay.co/53beeaf4830c78a59baba61b26184acc1aa8f350071cf7159247ed2b39ff1320.jpg
04_Alex_Hormozi,Alex Hormozi,5,160,2026-04-10,IMAGE,DOWNLOAD,Get the Sales Tone PDF Now,"I've got something for you, especially if you're a business owner doing $1M+ a year and you've got a sales team.

The Free Sales Team Training: Use Tone That Converts. It covers:
- How to get your reps to internalize the script, not just memorize it
- The three constants every call needs: speed, volume, and clarity
- Why pausing 8+ seconds after asking for the sale increases close rates 23–40%
- The five buckets every objection falls into and how to handle them
- A daily training system so your team closes without you on every call

It's probably the best free gift I can give you if you've got people selling for you, because if your team puts this stuff into practice, they're going to close more deals with fewer words.

If you haven't grabbed it yet, just click the link and get the PDF for free.",,https://www.acquisition.com/sales-oo,https://app.foreplay.co/discovery?ad=jhl1SeiRoCL5Vl862k7A,jhl1SeiRoCL5Vl862k7A,https://r2.foreplay.co/c6ae1d93aebb8d2249cacc9ecef2ae7e69086f3433bb24260cb2336f9d6e7e60.jpg
04_Alex_Hormozi,Alex Hormozi,6,160,2026-04-10,IMAGE,DOWNLOAD,Get the Sales Tone PDF Now,"I've got something for you, especially if you're a business owner doing $1M+ a year and you've got a sales team.

The Free Sales Team Training: Use Tone That Converts. It covers:
- How to get your reps to internalize the script, not just memorize it
- The three constants every call needs: speed, volume, and clarity
- Why pausing 8+ seconds after asking for the sale increases close rates 23–40%
- The five buckets every objection falls into and how to handle them
- A daily training system so your team closes without you on every call

It's probably the best free gift I can give you if you've got people selling for you, because if your team puts this stuff into practice, they're going to close more deals with fewer words.

If you haven't grabbed it yet, just click the link and get the PDF for free.",,https://www.acquisition.com/sales-oo,https://app.foreplay.co/discovery?ad=V80zlzdJWwVDGyJwYkg9,V80zlzdJWwVDGyJwYkg9,https://r2.foreplay.co/07244e39a88813035796c8773df757a95ac7182a94bf7cd57f9659f63bba7e8a.jpg
04_Alex_Hormozi,Alex Hormozi,7,160,2026-04-10,IMAGE,DOWNLOAD,Get the Sales Tone PDF Now,"I've got something for you, especially if you're a business owner doing $1M+ a year and you've got a sales team.

The Free Sales Team Training: Use Tone That Converts. It covers:
- How to get your reps to internalize the script, not just memorize it
- The three constants every call needs: speed, volume, and clarity
- Why pausing 8+ seconds after asking for the sale increases close rates 23–40%
- The five buckets every objection falls into and how to handle them
- A daily training system so your team closes without you on every call

It's probably the best free gift I can give you if you've got people selling for you, because if your team puts this stuff into practice, they're going to close more deals with fewer words.

If you haven't grabbed it yet, just click the link and get the PDF for free.",,https://www.acquisition.com/sales-oo,https://app.foreplay.co/discovery?ad=TZBWC4Rl2OBXkbWmNWhz,TZBWC4Rl2OBXkbWmNWhz,https://r2.foreplay.co/fdcff6264d42a779e0a07c34a3a468a21dabc173516e7eb130d76fa6ab3d99e9.jpg
04_Alex_Hormozi,Alex Hormozi,8,160,2026-04-10,IMAGE,DOWNLOAD,Get the Sales Tone PDF Now,"I've got something for you, especially if you're a business owner doing $1M+ a year and you've got a sales team.

The Free Sales Team Training: Use Tone That Converts. It covers:
- How to get your reps to internalize the script, not just memorize it
- The three constants every call needs: speed, volume, and clarity
- Why pausing 8+ seconds after asking for the sale increases close rates 23–40%
- The five buckets every objection falls into and how to handle them
- A daily training system so your team closes without you on every call

It's probably the best free gift I can give you if you've got people selling for you, because if your team puts this stuff into practice, they're going to close more deals with fewer words.

If you haven't grabbed it yet, just click the link and get the PDF for free.",,https://www.acquisition.com/sales-oo,https://app.foreplay.co/discovery?ad=G49SK8Aoc2a648ORdREq,G49SK8Aoc2a648ORdREq,https://r2.foreplay.co/239926f7145d72d7902756efd84008aa222fde81cc0a4f1613d1fd02539bbf56.jpg
04_Alex_Hormozi,Alex Hormozi,9,160,2026-04-10,IMAGE,DOWNLOAD,Get the Sales Tone PDF Now,"I've got something for you, especially if you're a business owner doing $1M+ a year and you've got a sales team.

The Free Sales Team Training: Use Tone That Converts. It covers:
- How to get your reps to internalize the script, not just memorize it
- The three constants every call needs: speed, volume, and clarity
- Why pausing 8+ seconds after asking for the sale increases close rates 23–40%
- The five buckets every objection falls into and how to handle them
- A daily training system so your team closes without you on every call

It's probably the best free gift I can give you if you've got people selling for you, because if your team puts this stuff into practice, they're going to close more deals with fewer words.

If you haven't grabbed it yet, just click the link and get the PDF for free.",,https://www.acquisition.com/sales-oo,https://app.foreplay.co/discovery?ad=7SO5exHIA324cu1uBFs2,7SO5exHIA324cu1uBFs2,https://r2.foreplay.co/6c1ff9049b2a5cd3050ff85b757d9ddc6eeda0531e0be9a20533fd7919766124.jpg
04_Alex_Hormozi,Alex Hormozi,10,160,2026-04-10,IMAGE,DOWNLOAD,Get the Sales Tone PDF Now,"I've got something for you, especially if you're a business owner doing $1M+ a year and you've got a sales team.

The Free Sales Team Training: Use Tone That Converts. It covers:
- How to get your reps to internalize the script, not just memorize it
- The three constants every call needs: speed, volume, and clarity
- Why pausing 8+ seconds after asking for the sale increases close rates 23–40%
- The five buckets every objection falls into and how to handle them
- A daily training system so your team closes without you on every call

It's probably the best free gift I can give you if you've got people selling for you, because if your team puts this stuff into practice, they're going to close more deals with fewer words.

If you haven't grabbed it yet, just click the link and get the PDF for free.",,https://www.acquisition.com/sales-oo,https://app.foreplay.co/discovery?ad=5uW4DZd0YI2KoB9knqL1,5uW4DZd0YI2KoB9knqL1,https://r2.foreplay.co/a4263280cbb2aed990f269d7b97b4e18646e2a4bb9787c549cb3a1d80bd36ffb.jpg
04_Alex_Hormozi,Alex Hormozi,11,160,2026-04-10,IMAGE,DOWNLOAD,Get the Sales Tone PDF Now,"I've got something for you, especially if you're a business owner doing $1M+ a year and you've got a sales team.

The Free Sales Team Training: Use Tone That Converts. It covers:
- How to get your reps to internalize the script, not just memorize it
- The three constants every call needs: speed, volume, and clarity
- Why pausing 8+ seconds after asking for the sale increases close rates 23–40%
- The five buckets every objection falls into and how to handle them
- A daily training system so your team closes without you on every call

It's probably the best free gift I can give you if you've got people selling for you, because if your team puts this stuff into practice, they're going to close more deals with fewer words.

If you haven't grabbed it yet, just click the link and get the PDF for free.",,https://www.acquisition.com/sales-oo,https://app.foreplay.co/discovery?ad=3BGVnqYUPr2EiEEiIplr,3BGVnqYUPr2EiEEiIplr,https://r2.foreplay.co/a65ac74aee5a05f7612a17ffb23973085aae02771b2a6c60e555eb8477c5ef4b.jpg
04_Alex_Hormozi,Alex Hormozi,12,158,2026-04-12,IMAGE,DOWNLOAD,Get the Sales Tone PDF Now,"I've got something for you, especially if you're a business owner doing $1M+ a year and you've got a sales team.

The Free Sales Team Training: Use Tone That Converts. It covers:
- How to get your reps to internalize the script, not just memorize it
- The three constants every call needs: speed, volume, and clarity
- Why pausing 8+ seconds after asking for the sale increases close rates 23–40%
- The five buckets every objection falls into and how to handle them
- A daily training system so your team closes without you on every call

It's probably the best free gift I can give you if you've got people selling for you, because if your team puts this stuff into practice, they're going to close more deals with fewer words.

If you haven't grabbed it yet, just click the link and get the PDF for free.",,https://www.acquisition.com/sales-oo,https://app.foreplay.co/discovery?ad=2j1lrZNgysmZhTMPnsIK,2j1lrZNgysmZhTMPnsIK,https://r2.foreplay.co/931b25fc0ad84332ec47899bd407b80d2e5139cc68841a0b1dcf9f2fb6c50345.jpg
04_Alex_Hormozi,Alex Hormozi,13,99,2026-06-10,IMAGE,DOWNLOAD,Download Free Personalized Scaling Roadmap,"**Are you struggling to scale?**

To scale, you need one of these three things:

1. Better advertising and sales processes to get more customers
2. Increased customer value to afford more advertising and sales
3. More people to help keep up with demand

The good news? We’ve designed a Scaling Roadmap that teaches how to solve these constraints.

And we’ve personalized it for your business.

We're confident it can help you break through to the next level.

Just answer a few questions and we’ll send it to you for free.",,https://www.acquisition.com/roadmap,https://app.foreplay.co/discovery?ad=dGiARQGAINfrr8kR0BL2,dGiARQGAINfrr8kR0BL2,https://r2.foreplay.co/9a5122fc4416ea531609558e1d6323165d1709d107557ef497ac10d2d728ae58.jpg
04_Alex_Hormozi,Alex Hormozi,14,99,2026-06-10,IMAGE,DOWNLOAD,Download Free Personalized Scaling Roadmap,"**Are you struggling to scale?**

To scale, you need one of these three things:

1. Better advertising and sales processes to get more customers
2. Increased customer value to afford more advertising and sales
3. More people to help keep up with demand

The good news? We’ve designed a Scaling Roadmap that teaches how to solve these constraints.

And we’ve personalized it for your business.

We're confident it can help you break through to the next level.

Just answer a few questions and we’ll send it to you for free.",,https://www.acquisition.com/roadmap,https://app.foreplay.co/discovery?ad=T2RvTs7K98Vs7D7ZywXS,T2RvTs7K98Vs7D7ZywXS,https://r2.foreplay.co/761c19803461622abc4578f64626d75029f0b6bcc0cd0cf0120bdb3350e508d5.jpg
04_Alex_Hormozi,Alex Hormozi,15,91,2026-06-18,IMAGE,LEARN_MORE,Download Free Scaling Frameworks,"Business Owners – real quick – can I get your email?

I want to send you the exact frameworks we’ve used to scale: 

•   Sales 
•   Teams 
•   Communication 
•   Compensation 
•   Worker productivity

These are the same systems we implement across our portfolio companies, and you can get them—for free.

But that’s just the beginning.

These frameworks are only a fraction of what we cover in our Scaling Workshop.

Our two-day intensive at our headquarters includes:
- Day 1: Deep dive into our proven scaling methodology
- Day 2: Group sessions with our leadership team to help you apply it

You’ll leave with a clear, actionable plan to scale every function of your business.

If you’re serious about growth this year, spend two days in Vegas surrounded by high-level business owners who are in the trenches like you. 

🔗 Download your free scaling frameworks → https://www.acquisition.com/fivescalingframeworks 

📞 Book a call to learn more

P.S. This is only for business owners with customers, revenue, and employees—so every conversation stays high level.",,https://www.acquisition.com/commercial-cleaning-c,https://app.foreplay.co/discovery?ad=vhg9aouSxlZhQfOjtkij,vhg9aouSxlZhQfOjtkij,https://r2.foreplay.co/b1881d95ab8e808c65d072e87daf56608e6cdf562fe274e3570f0b41916f7485.jpg
05_Canva,Canva,1,498,2025-05-07,IMAGE,LEARN_MORE,Enjoy an all-in-one design solution,"By consolidating multiple design tools into one with Canva, FNRE scales content production across its office network.",,https://www.canva.com/for-teams/case-studies/first-national-real-estate/,https://app.foreplay.co/discovery?ad=0ya4YOSqoGRZCaBRYORy,0ya4YOSqoGRZCaBRYORy,https://r2.foreplay.co/24160085936917430/1aff19e90770cfc1fac0c98ee1dc2896.jpg
05_Canva,Canva,2,436,2025-07-08,IMAGE,LEARN_MORE,"Less work, more words","Create without burnout. Magic Write helps you with content ideation, writing, editing, and more. Try Canva Pro free.",,https://www.canva.com/pro,https://app.foreplay.co/discovery?ad=acRJZzOVjgYiT2zjq2Fc,acRJZzOVjgYiT2zjq2Fc,https://r2.foreplay.co/24219576124345400/7b99a38915c631173d848eea6d6d9b26.jpg
05_Canva,Canva,3,434,2025-07-10,IMAGE,LEARN_MORE,Streamline your workflow with Canva,"Ray White uses Canva to scale its marketing across 840 offices, while reducing costs.",,https://www.canva.com/for-teams/case-studies/ray-white/,https://app.foreplay.co/discovery?ad=BNkSAOyYLfsknv8nOLTN,BNkSAOyYLfsknv8nOLTN,https://r2.foreplay.co/24455382694059870/94a8c618e7237569d70d22c11eceefdd.jpg
05_Canva,Canva,4,423,2025-07-21,IMAGE,LEARN_MORE,Simplify your design process to unify your brand,Salesforce cut inefficient campaign coordination with Canva. Learn how they consolidated their design process into a single platform to increase productivity and marketing impact.,,https://www.canva.com/for-teams/case-studies/salesforce/,https://app.foreplay.co/discovery?ad=yWGNVrHGHfiS3crx0ypr,yWGNVrHGHfiS3crx0ypr,https://r2.foreplay.co/23980739441598668/e79b6ce0b4cfbb01aea39f82c8224ba0.jpg
05_Canva,Canva,5,423,2025-07-21,IMAGE,LEARN_MORE,Save hundreds of hours of design time,"With Canva, FNRE saves 156 hours on design production annually.",,https://www.canva.com/business/case-studies/first-national-real-estate/,https://app.foreplay.co/discovery?ad=y4aUHsDUedQIArmWrSkc,y4aUHsDUedQIArmWrSkc,https://r2.foreplay.co/24073064342327504/5b3fb8c1933240763c40415dd326edba.jpg
05_Canva,Canva,6,420,2025-07-24,IMAGE,LEARN_MORE,Share your love story with Canva,Planning the wedding of your dreams? Start with your socials. 💕 Create stylish save-the-dates and countdowns in a few clicks.,,https://www.canva.com/,https://app.foreplay.co/discovery?ad=JK9McZVwNc8jzumOyY74,JK9McZVwNc8jzumOyY74,https://r2.foreplay.co/30768121226165990/310389288ac7fdc151bafafe4976918a.jpg
05_Canva,Canva,7,420,2025-07-24,IMAGE,LEARN_MORE,Design social posts smarter,Stay visible online without the daily design grind. Create scroll-stopping content in minutes with Canva. Try it for free.,,https://www.canva.com/social-media/,https://app.foreplay.co/discovery?ad=7ztmOWV2Gb3UVM2xiMSc,7ztmOWV2Gb3UVM2xiMSc,https://r2.foreplay.co/24517059794564550/ca1338fde4df56b37c398d4028bba38a.jpg
05_Canva,Canva,8,410,2025-08-03,CAROUSEL,,Try Canva Pro today,Unlock Background Remover,Try Canva Pro today / Unlock Background Remover,https://www.canva.com/pro,https://app.foreplay.co/discovery?ad=VLzBJNpGUHWJme8Zs8MV,VLzBJNpGUHWJme8Zs8MV,https://r2.foreplay.co/30616863821294490/2a91eacf646137313eb8599cd2ec15e8.jpg; https://r2.foreplay.co/30616863821294490/4feca95880d59a293a74662622e2c887.jpg; https://r2.foreplay.co/30616863821294490/ffb0b9445c219ef4deeb5f1d64392c5e.jpg; https://r2.foreplay.co/30616863821294490/4dfc9f644932b6e98f512bf21de6f40c.jpg; https://r2.foreplay.co/30616863821294490/611445da775032a1c31272aa7ea8700b.jpg
05_Canva,Canva,9,410,2025-08-03,CAROUSEL,,Sign up for Canva Teams,"Fewer tools, faster work.","Sign up for Canva Teams / Fewer tools, faster work.",https://www.canva.com/teams,https://app.foreplay.co/discovery?ad=3KbNS2cFSVrxaoQfEYde,3KbNS2cFSVrxaoQfEYde,https://r2.foreplay.co/24163329109998430/6741b1960657c31501c8350007a92b13.jpg; https://r2.foreplay.co/24163329109998430/f45c44a4096bce832c0b392026656a1f.jpg; https://r2.foreplay.co/24163329109998430/c2ccdc288abe8ab9a39233d8a26edce1.jpg; https://r2.foreplay.co/24163329109998430/4dd3b3f838541f10689b94527e618a78.jpg; https://r2.foreplay.co/24163329109998430/dc16083f6608c0f51c035460e01f5123.jpg
05_Canva,Canva,10,407,2025-08-06,IMAGE,LEARN_MORE,Stand out online,Be your own web designer with Canva. Customizable templates and drag-and-drop tools are all you need. Try for free.,,https://www.canva.com/website-builder/,https://app.foreplay.co/discovery?ad=a2NU0FEc71OABYxtrsql,a2NU0FEc71OABYxtrsql,https://r2.foreplay.co/24333908552913750/ed0054bdb7ee919a3a73b40c3fc87574.jpg
05_Canva,Canva,11,404,2025-08-09,IMAGE,LEARN_MORE,Free and easy video editing,"Me: I’ll just do a quick edit
Also me: 😵‍💫💻🕐🕑🕒🕓🕔🕕
Meet Canva’s drag-and-drop video editor.",,https://www.canva.com/video-editor/,https://app.foreplay.co/discovery?ad=mRFEytPG1ZXiad96JR27,mRFEytPG1ZXiad96JR27,https://r2.foreplay.co/24126754696980970/a0c95e78b44109fddfeaf7c15bd2f248.jpg
05_Canva,Canva,12,403,2025-08-10,IMAGE,LEARN_MORE,Slay your presentations with Canva,Presentation day? It’s your moment. 🔥 Own it with Canva templates that help you shine without stressing over layout design.,,https://www.canva.com/presentations/,https://app.foreplay.co/discovery?ad=LQx2emolgql62gk3nHei,LQx2emolgql62gk3nHei,https://r2.foreplay.co/24150233544586410/0c0c1b0395f954a5645a41ca004ca276.jpg
05_Canva,Canva,13,398,2025-08-15,CAROUSEL,,The all-in-one marketing tool.,Sign up for free.,The all-in-one marketing tool. / Sign up for free.,https://www.canva.com/free/,https://app.foreplay.co/discovery?ad=vSgv0fDYoTgiQpqX5Lqm,vSgv0fDYoTgiQpqX5Lqm,https://r2.foreplay.co/24096421420059796/24da636a1f08105db9ee3ac077f79cce.jpg; https://r2.foreplay.co/24096421420059796/8599cc72067763afde1031574b8c1492.jpg
05_Canva,Canva,14,395,2025-08-18,IMAGE,LEARN_MORE,Transform teamwork,"Collaborate in real time. Invite, design, comment, and tag, all in one place. Try Canva Teams for free.",,https://www.canva.com/for-teams/,https://app.foreplay.co/discovery?ad=nESOsQ7UUY8UaEFL5Ohb,nESOsQ7UUY8UaEFL5Ohb,https://r2.foreplay.co/23934110612954650/d13695d58ff33ecbc1723b897986769d.jpg
05_Canva,Canva,15,394,2025-08-19,IMAGE,ORDER_NOW,Try Canva Print today,"Design and print stylish stationery. Start with a standout template and enjoy free shipping, with no minimum spend.",,https://www.canva.com/print/wedding-stationery/,https://app.foreplay.co/discovery?ad=LWcwqWfDnz8CHUo6TBFa,LWcwqWfDnz8CHUo6TBFa,https://r2.foreplay.co/24168340209484250/aaf70774de12494efa8ef1f54484e4d7.jpg
06_Adobe_Video,Adobe Video (Premiere Pro),1,354,2025-09-28,IMAGE,LEARN_MORE,Try in Premiere Pro (beta).,"Add frames, lengthen ambient audio, and eliminate awkward cuts with Generative Extend. Now in Premiere Pro (beta).",,https://www.adobe.com/products/premiere.html,https://app.foreplay.co/discovery?ad=MYpPynQkDH8H6NkA4kvq,MYpPynQkDH8H6NkA4kvq,https://r2.foreplay.co/34eaac79dbdc60d62b981047622cb20073cc40d482f428eaf9ea8c998c776929.jpg
06_Adobe_Video,Adobe Video (Premiere Pro),2,345,2025-10-07,IMAGE,LEARN_MORE,Find your go-to tools fast.,Click once and the new Properties panel makes your go-to tools accessible in one easy-to-use interface.,,https://www.adobe.com/products/premiere.html,https://app.foreplay.co/discovery?ad=FzMUF2C343aZAq2LTGuL,FzMUF2C343aZAq2LTGuL,https://r2.foreplay.co/692459643286067/ebe08496afa88b09e26b345c2daa5bc6.jpg
06_Adobe_Video,Adobe Video (Premiere Pro),3,255,2026-01-05,IMAGE,LEARN_MORE,"Make focused edits, fast.","Shape masks now keep up with your creativity, tracking up to 20x faster in Premiere (beta).",,https://www.adobe.com/products/premiere.html,https://app.foreplay.co/discovery?ad=RzXR9H2ucO9fuJvbAtcN,RzXR9H2ucO9fuJvbAtcN,https://r2.foreplay.co/0f0dc54f6176d1926e8b47299dfc208a7272de955150bba2348e7b3efc0b7edf.png
06_Adobe_Video,Adobe Video (Premiere Pro),4,211,2026-02-18,IMAGE,LEARN_MORE,"Make focused edits, fast.","Shape masks now keep up with your creativity, tracking up to 20x faster in Premiere (beta).",,https://www.adobe.com/products/premiere.html,https://app.foreplay.co/discovery?ad=mbv9ymYxFz2x1hI8VudN,mbv9ymYxFz2x1hI8VudN,https://r2.foreplay.co/1792dd15b0932daaf3b2b5c879879cb17cc8e711b97a057e0aea7a9fcdc14c37.png
06_Adobe_Video,Adobe Video (Premiere Pro),5,210,2026-02-19,IMAGE,LEARN_MORE,"Make focused edits, fast.","Shape masks now keep up with your creativity, tracking up to 20x faster in Premiere.",,https://www.adobe.com/products/premiere.html,https://app.foreplay.co/discovery?ad=QNPrvICozoiYqgEG41Do,QNPrvICozoiYqgEG41Do,https://r2.foreplay.co/0f0dc54f6176d1926e8b47299dfc208a7272de955150bba2348e7b3efc0b7edf.png
06_Adobe_Video,Adobe Video (Premiere Pro),6,207,2026-02-22,IMAGE,LEARN_MORE,Make every frame flawless.,Easily tackle precise effects and colour work with redesigned shape masks in Premiere.,,https://www.adobe.com/products/premiere.html,https://app.foreplay.co/discovery?ad=ebq4kLGlvbzCeZd9Zzyy,ebq4kLGlvbzCeZd9Zzyy,https://r2.foreplay.co/869f1a34207dc1b3994746b092e0faf855f5fda5e3edda4b86aed34137542dfd.png
06_Adobe_Video,Adobe Video (Premiere Pro),7,161,2026-04-09,IMAGE,LEARN_MORE,Complex masking. Made easy.,"New Object Mask in Premiere (beta) – just hover, click and watch as AI accurately masks and tracks.",,https://www.adobe.com/products/premiere.html,https://app.foreplay.co/discovery?ad=mjnJH98V2tzmgUFbwRDh,mjnJH98V2tzmgUFbwRDh,https://r2.foreplay.co/777fddd172fdb5e320acc0db8ad40ee48a24b9f2d5f1f77be975c04f7b288ab2.png
06_Adobe_Video,Adobe Video (Premiere Pro),8,161,2026-04-09,IMAGE,LEARN_MORE,Bring your video vision to life.,Get your video ideas off the ground fast with Adobe Premiere Pro.,,https://www.adobe.com/products/premiere.html,https://app.foreplay.co/discovery?ad=7SwLKUlWoSsbuvrQGvXD,7SwLKUlWoSsbuvrQGvXD,https://r2.foreplay.co/2ef30fc80dadab3e839cc8f04b44ac221967d91d39ba3cf5d38e9a170cc3eedf.jpg
06_Adobe_Video,Adobe Video (Premiere Pro),9,160,2026-04-10,IMAGE,LEARN_MORE,Complex masking. Made easy.,"New Object Mask in Premiere – just hover, click and watch as AI accurately masks and tracks.",,https://www.adobe.com/products/premiere.html,https://app.foreplay.co/discovery?ad=rvqkLV55Q43xxcbxw7Hn,rvqkLV55Q43xxcbxw7Hn,https://r2.foreplay.co/1ccd559a107673f7041acb307fe926be280eb724295148d30353d2ac5c188227.png
06_Adobe_Video,Adobe Video (Premiere Pro),10,160,2026-04-10,IMAGE,LEARN_MORE,"Make focused edits, fast.","Shape masks now keep up with your creativity, tracking up to 20x faster in Premiere.",,https://www.adobe.com/products/premiere.html,https://app.foreplay.co/discovery?ad=Uu0TtjleGiEYtjt0cbVT,Uu0TtjleGiEYtjt0cbVT,https://r2.foreplay.co/0f0dc54f6176d1926e8b47299dfc208a7272de955150bba2348e7b3efc0b7edf.png
06_Adobe_Video,Adobe Video (Premiere Pro),11,160,2026-04-10,IMAGE,LEARN_MORE,Make every frame flawless.,Easily tackle precise effects and colour work with redesigned shape masks in Premiere (beta).,,https://www.adobe.com/products/premiere.html,https://app.foreplay.co/discovery?ad=5FNhY7ct0qMjNyyEefiR,5FNhY7ct0qMjNyyEefiR,https://r2.foreplay.co/9d8ac96bdd3ed4302440e35195dd194d2a5baeea9d154ae59df6a9ed5ae6d908.png
06_Adobe_Video,Adobe Video (Premiere Pro),12,160,2026-04-10,IMAGE,LEARN_MORE,Complex masking. Made easy.,"New Object Mask in Premiere – just hover, click and watch as AI accurately masks and tracks.",,https://www.adobe.com/products/premiere.html,https://app.foreplay.co/discovery?ad=2do0PgICmmr5qpKbxFkE,2do0PgICmmr5qpKbxFkE,https://r2.foreplay.co/1ccd559a107673f7041acb307fe926be280eb724295148d30353d2ac5c188227.png
06_Adobe_Video,Adobe Video (Premiere Pro),13,159,2026-04-11,IMAGE,LEARN_MORE,Mask anything with a click.,Say hello to the new AI Object Mask in Premiere and goodbye to hours of painful rotoscoping.,,https://www.adobe.com/products/premiere.html,https://app.foreplay.co/discovery?ad=QRjdVh5gG1GiVItsBzKT,QRjdVh5gG1GiVItsBzKT,https://r2.foreplay.co/abe1662858a60eb6f38d3e7461abd51d911260a7d1b34d17a3d72138548e18be.png
06_Adobe_Video,Adobe Video (Premiere Pro),14,159,2026-04-11,IMAGE,INSTALL_MOBILE_APP,"Your videos, your way.",Adobe doesn’t claim ownership of your content or use it to train our generative AI models. Get the free app and get creating.,,http://itunes.apple.com/app/id6742757464,https://app.foreplay.co/discovery?ad=9DPVBgtWMRAmOH3Y1vbS,9DPVBgtWMRAmOH3Y1vbS,https://r2.foreplay.co/7bb0fd76aa2200d60e2eb5d857f806d6455fad995d902c04fb785740de4ccc03.png
06_Adobe_Video,Adobe Video (Premiere Pro),15,158,2026-04-12,IMAGE,LEARN_MORE,Complex masking. Made easy.,"New Object Mask in Premiere – just hover, click and watch as AI accurately masks and tracks.",,https://www.adobe.com/products/premiere.html,https://app.foreplay.co/discovery?ad=aqGt8I4bPCm0nsPi03cc,aqGt8I4bPCm0nsPi03cc,https://r2.foreplay.co/777fddd172fdb5e320acc0db8ad40ee48a24b9f2d5f1f77be975c04f7b288ab2.png
07_Adobe,Adobe,1,434,2025-07-10,IMAGE,SHOP_NOW,All-in-one PDF tool,Businesses improve productivity with Adobe Acrobat. Get PDF solutions for teams and organisations today.,,https://www.adobe.com/au/acrobat/free-trial-download.html,https://app.foreplay.co/discovery?ad=vp84iwl0OdQiUxX2xC6q,vp84iwl0OdQiUxX2xC6q,https://r2.foreplay.co/24021806957483076/ef764047e7ed9f106bc5de8238676bb6.jpg
07_Adobe,Adobe,2,173,2026-03-28,IMAGE,GET_OFFER,Start creating today.,Discover our family of creative apps for everything from photo to video and beyond. T&Cs apply.,,https://www.adobe.com/creativecloud/plans.html?plan=edu,https://app.foreplay.co/discovery?ad=HrLYW07QMy9sSwI5TnyP,HrLYW07QMy9sSwI5TnyP,https://r2.foreplay.co/7a25cc487431db8e3c456a880881bbffb28e96deac9403d25de40340f4635a3b.jpg
07_Adobe,Adobe,3,162,2026-04-08,IMAGE,GET_OFFER,Start creating today.,Discover our family of creative apps for everything from photo to video and beyond. T&Cs apply.,,https://www.adobe.com/creativecloud/plans.html?plan=edu,https://app.foreplay.co/discovery?ad=VfNxPDiqpOvOGpVSIPxc,VfNxPDiqpOvOGpVSIPxc,https://r2.foreplay.co/52c4ea6b117bd8d5876dd6ec42d8fc678b3484c2d1a2420ae7da59fbb7503186.jpg
07_Adobe,Adobe,4,162,2026-04-08,IMAGE,GET_OFFER,Start creating today.,Discover our family of creative apps for everything from photo to video and beyond. T&Cs apply.,,https://www.adobe.com/creativecloud/plans.html?plan=edu,https://app.foreplay.co/discovery?ad=A23c44Sup40XaxGSE5q5,A23c44Sup40XaxGSE5q5,https://r2.foreplay.co/7a25cc487431db8e3c456a880881bbffb28e96deac9403d25de40340f4635a3b.jpg
07_Adobe,Adobe,5,161,2026-04-09,IMAGE,GET_OFFER,Start creating today.,Discover our family of creative apps for everything from photo to video and beyond. T&Cs apply.,,https://www.adobe.com/creativecloud/plans.html?plan=edu,https://app.foreplay.co/discovery?ad=9CLv65Ux9tv7uFgqZocG,9CLv65Ux9tv7uFgqZocG,https://r2.foreplay.co/4953cdb2513d2ace344cf799a770bd415920c59a2dd920bf68fc8f8cca1bdbd0.jpg
07_Adobe,Adobe,6,157,2026-04-13,IMAGE,GET_OFFER,Start creating today.,Discover our family of creative apps for everything from photo to video and beyond. T&Cs apply.,,https://www.adobe.com/creativecloud/plans.html?plan=edu,https://app.foreplay.co/discovery?ad=GIiOyhgzNi6ZXV6wLbL8,GIiOyhgzNi6ZXV6wLbL8,https://r2.foreplay.co/52c4ea6b117bd8d5876dd6ec42d8fc678b3484c2d1a2420ae7da59fbb7503186.jpg
07_Adobe,Adobe,7,157,2026-04-13,IMAGE,GET_OFFER,Start creating today.,Discover our family of creative apps for everything from photo to video and beyond. T&Cs apply.,,https://www.adobe.com/creativecloud/plans.html?plan=edu,https://app.foreplay.co/discovery?ad=CIsQWqqu1IAuD45dRfqy,CIsQWqqu1IAuD45dRfqy,https://r2.foreplay.co/4953cdb2513d2ace344cf799a770bd415920c59a2dd920bf68fc8f8cca1bdbd0.jpg
07_Adobe,Adobe,8,137,2026-05-03,IMAGE,GET_OFFER,Start creating today.,Discover our family of creative apps for everything from photo to video and beyond. T&Cs apply.,,https://www.adobe.com/creativecloud/plans.html?plan=edu,https://app.foreplay.co/discovery?ad=DWZjMXybPAtZ4zrje2BZ,DWZjMXybPAtZ4zrje2BZ,https://r2.foreplay.co/cb3411be7030e55ce4d66bc00e7736c6984f3ce368d5d7e3bab413321c57b5b3.jpg
07_Adobe,Adobe,9,129,2026-05-11,IMAGE,GET_OFFER,Start creating today.,Discover our family of creative apps for everything from photo to video and beyond. T&Cs apply.,,https://www.adobe.com/creativecloud/plans.html?plan=edu,https://app.foreplay.co/discovery?ad=Cn6h8dq9PxrmKAZtfA3d,Cn6h8dq9PxrmKAZtfA3d,https://r2.foreplay.co/cb3411be7030e55ce4d66bc00e7736c6984f3ce368d5d7e3bab413321c57b5b3.jpg
07_Adobe,Adobe,10,125,2026-05-15,IMAGE,GET_OFFER,Start creating today.,Discover our family of creative apps for everything from photo to video and beyond. T&Cs apply.,,https://www.adobe.com/creativecloud/plans.html?plan=edu,https://app.foreplay.co/discovery?ad=QgGoZVsSUbWmJFgGTmtd,QgGoZVsSUbWmJFgGTmtd,https://r2.foreplay.co/d2094cb91a3ddddb3e6de99c910cfc0fc4deb78ccb968ec4edd74417f5d27d96.jpg
07_Adobe,Adobe,11,123,2026-05-17,IMAGE,GET_OFFER,Start creating today.,,,https://www.adobe.com/creativecloud/plans.html?plan=edu,https://app.foreplay.co/discovery?ad=sOvhFOWicAyOUIcTD8Lu,sOvhFOWicAyOUIcTD8Lu,https://r2.foreplay.co/57359a5ec11b009655929d5b07611785a967ef64cf8c4f448e74b156ba14eb77.jpg
07_Adobe,Adobe,12,117,2026-05-23,IMAGE,GET_OFFER,Start creating today.,Discover our family of creative apps for everything from photo to video and beyond. T&Cs apply.,,https://www.adobe.com/creativecloud/plans.html?plan=edu,https://app.foreplay.co/discovery?ad=8JsJzHTP2vmDIrhRhFOi,8JsJzHTP2vmDIrhRhFOi,https://r2.foreplay.co/cb3411be7030e55ce4d66bc00e7736c6984f3ce368d5d7e3bab413321c57b5b3.jpg
07_Adobe,Adobe,13,115,2026-05-25,IMAGE,GET_OFFER,Start creating today.,"Discover our family of apps for photo, video & more. What will you create first? T&Cs apply.",,https://www.adobe.com/creativecloud/plans.html?plan=edu,https://app.foreplay.co/discovery?ad=OL5ARVrlEC9GoJY14llt,OL5ARVrlEC9GoJY14llt,https://r2.foreplay.co/57359a5ec11b009655929d5b07611785a967ef64cf8c4f448e74b156ba14eb77.jpg
08_Slack,Slack,1,349,2025-10-03,IMAGE,SIGN_UP,Resolve issues in Slack.,Rivian saved millions by working smarter in Slack. How’s that for a little extra pocket money? 💰,,https://slack.com/solutions/small-business,https://app.foreplay.co/discovery?ad=RNWzGraDIEmoxjgynlsw,RNWzGraDIEmoxjgynlsw,https://r2.foreplay.co/24350297281319610/888625b7696b913caaa361f7bfd16575.jpg
08_Slack,Slack,2,153,2026-04-17,IMAGE,SIGN_UP,Resolve issues in Slack.,Rivian saved millions by working smarter in Slack. How’s that for a little extra pocket money? 💰,,https://slack.com/solutions/small-business,https://app.foreplay.co/discovery?ad=aOYzAVY9jA0KJ6G1eXDf,aOYzAVY9jA0KJ6G1eXDf,https://r2.foreplay.co/ea4b7332251217d289ff3621ff471162e08f4221f32c8f118c15aeffd2ad73b7.png
08_Slack,Slack,3,153,2026-04-17,IMAGE,SIGN_UP,Resolve issues in Slack.,Rivian saved millions by working smarter in Slack. How’s that for a little extra pocket money? 💰,,https://slack.com/lp/small-business,https://app.foreplay.co/discovery?ad=Qv3szu2o1f86v85mBwcl,Qv3szu2o1f86v85mBwcl,https://r2.foreplay.co/ea4b7332251217d289ff3621ff471162e08f4221f32c8f118c15aeffd2ad73b7.png
08_Slack,Slack,4,23,2026-08-25,IMAGE,SIGN_UP,"All your tools, together",Bring your files into the conversation with Google Drive in Slack.,,https://slack.com/lp/google-drive,https://app.foreplay.co/discovery?ad=vUy0mPljFn2EgM3DzuGQ,vUy0mPljFn2EgM3DzuGQ,https://r2.foreplay.co/a038bad043069187518eb84c7835a76178d1e87fd4c040c89e40e22a81a13538.png
08_Slack,Slack,5,22,2026-08-26,IMAGE,SIGN_UP,The search is over.,"At Anthropic, AI in Slack helps turn an entire archive of files and conversations into answers. 🔍",,https://slack.com/features/ai,https://app.foreplay.co/discovery?ad=eoCY0wXLLJzoGWmGnmgZ,eoCY0wXLLJzoGWmGnmgZ,https://r2.foreplay.co/4a306602cf2fa64f57db132a47bf8c2b100078e8d9a0c5db18fb49af2bfea612.png
08_Slack,Slack,6,8,2026-09-09,IMAGE,SIGN_UP,Get time back with Slack,2 hours a day x 5 days a week x 52 weeks a year = Your most productive year ever.,,https://slack.com/lp/small-business,https://app.foreplay.co/discovery?ad=QgLJWR6w84TOt60q7dtg,QgLJWR6w84TOt60q7dtg,https://r2.foreplay.co/7459862ecd6112b62d2a8c579c699a7b93dd2f9d6d9907fa7f8089b8647c67f3.png
08_Slack,Slack,7,8,2026-09-09,IMAGE,SIGN_UP,Get time back with Slack,2 hours a day x 5 days a week x 52 weeks a year = Your most productive year ever.,,https://slack.com/lp/small-business,https://app.foreplay.co/discovery?ad=8IVKlfoh59MXyjmG1AYk,8IVKlfoh59MXyjmG1AYk,https://r2.foreplay.co/7459862ecd6112b62d2a8c579c699a7b93dd2f9d6d9907fa7f8089b8647c67f3.png
08_Slack,Slack,8,8,2026-09-09,IMAGE,SIGN_UP,"All your tools, together",Bring your files into the conversation with Google Drive in Slack.,,https://slack.com/lp/google-drive,https://app.foreplay.co/discovery?ad=4bt3dZ0xwMhdDhYazzO3,4bt3dZ0xwMhdDhYazzO3,https://r2.foreplay.co/33998d9bbfc455c1f38aa93061d7cecf83467268c4c493517d994e783622ac0c.png
08_Slack,Slack,9,2,2026-09-15,IMAGE,SIGN_UP,Automate tasks in Slack.,Why do your own busywork when automations in Slack can do your busywork for you?,,https://slack.com/intl/en-gb/lp/small-business,https://app.foreplay.co/discovery?ad=lebDwghnQoZ88NRfXwvz,lebDwghnQoZ88NRfXwvz,https://r2.foreplay.co/148363c752ce80fa836e3f7c7a03949a0ab3c4e1e1786e79ac7fb24a2a50d04a.png
08_Slack,Slack,10,2,2026-09-15,IMAGE,SIGN_UP,Automate tasks in Slack.,Why do your own busywork when automations in Slack can do your busywork for you?,,https://slack.com/intl/en-gb/lp/small-business,https://app.foreplay.co/discovery?ad=fWmr0zAVIicVYxNB4yTe,fWmr0zAVIicVYxNB4yTe,https://r2.foreplay.co/148363c752ce80fa836e3f7c7a03949a0ab3c4e1e1786e79ac7fb24a2a50d04a.png
09_ClickFunnels,ClickFunnels,1,181,2026-03-20,IMAGE,LEARN_MORE,Lifetime Deal Almost Expired!,"🚨 YOUR LIFETIME CLICKFUNNELS OFFER HAS ALMOST EXPIRED 🚨

You crushed the One Comma Club Challenge...

But now its time to lock in that lifetime deal...

✅ LIFETIME ClickFunnels access ($35,640 value)
✅ Official Funnel Builder Certification ($14,997 value)
✅ 50 Reseller/Agency Accounts (INSANE value)
✅ Everything you need to start charging $5K-$10K per funnel

And it's going away...

Will you be the one who acts? Or the one who watches from the sidelines?

👉 Save your spot before the timer hits zero here: https://www.onecommaclub.com/go",,https://www.onecommaclub.com/go,https://app.foreplay.co/discovery?ad=X0v928M4P5NQwJgU8Rze,X0v928M4P5NQwJgU8Rze,https://r2.foreplay.co/8423352c52c0d3a55c53495f8472cc9cbb8d675343d1f6c995054d9c551c2e2b.png
09_ClickFunnels,ClickFunnels,2,177,2026-03-24,IMAGE,LEARN_MORE,Click To Claim The Lifetime Deal!,"Wanna Make Your First $1,000 Online?

Join our FREE proven 5-Day system and discover the secret to go from $0 to $1,000 even if you don't have a business or idea.

Join The FREE ‘One Comma Club’ Challenge and walk away with the PROOF that makes you say, “I Can Actually Do This!”

👉 https://www.onecommaclubchallenge.com",,https://www.onecommaclub.com/,https://app.foreplay.co/discovery?ad=b7yooTweaDsQd8U3JSru,b7yooTweaDsQd8U3JSru,https://r2.foreplay.co/c50998d07da69e294fa1ae0b8f72b0414ebff858c7479c5d52524631e901c126.png
09_ClickFunnels,ClickFunnels,3,163,2026-04-07,IMAGE,LEARN_MORE,Lifetime Deal Almost Expired!,"🚨 YOUR LIFETIME CLICKFUNNELS OFFER HAS ALMOST EXPIRED 🚨

You crushed the One Comma Club Challenge...

But now its time to lock in that lifetime deal...

✅ LIFETIME ClickFunnels access ($35,640 value)
✅ Official Funnel Builder Certification ($14,997 value)
✅ 50 Reseller/Agency Accounts (INSANE value)
✅ Everything you need to start charging $5K-$10K per funnel

And it's going away...

Will you be the one who acts? Or the one who watches from the sidelines?

👉 Save your spot before the timer hits zero here: https://www.onecommaclub.com/go",,https://www.onecommaclub.com/go,https://app.foreplay.co/discovery?ad=xE8TYPJG1qdYs4BhMV6H,xE8TYPJG1qdYs4BhMV6H,https://r2.foreplay.co/3b37d9eccf51aa18029e62543f70c2cd2763168401a0bb595568c943092f22cf.png
09_ClickFunnels,ClickFunnels,4,163,2026-04-07,IMAGE,LEARN_MORE,Lifetime Deal Almost Expired!,"🚨 YOUR LIFETIME CLICKFUNNELS OFFER HAS ALMOST EXPIRED 🚨

You crushed the One Comma Club Challenge...

But now its time to lock in that lifetime deal...

✅ LIFETIME ClickFunnels access ($35,640 value)
✅ Official Funnel Builder Certification ($14,997 value)
✅ 50 Reseller/Agency Accounts (INSANE value)
✅ Everything you need to start charging $5K-$10K per funnel

And it's going away...

Will you be the one who acts? Or the one who watches from the sidelines?

👉 Save your spot before the timer hits zero here: https://www.onecommaclub.com/go",,https://www.onecommaclub.com/go,https://app.foreplay.co/discovery?ad=cImOoJ2WwwNmupSNCjEW,cImOoJ2WwwNmupSNCjEW,https://r2.foreplay.co/1f431427eaa8877e35bfa299813a1a90f6299cb8540cb3edd2ecf8439965899b.png
09_ClickFunnels,ClickFunnels,5,163,2026-04-07,IMAGE,LEARN_MORE,Lifetime Deal Almost Expired!,"🚨 YOUR LIFETIME CLICKFUNNELS OFFER HAS ALMOST EXPIRED 🚨

You crushed the One Comma Club Challenge...

But now its time to lock in that lifetime deal...

✅ LIFETIME ClickFunnels access ($35,640 value)
✅ Official Funnel Builder Certification ($14,997 value)
✅ 50 Reseller/Agency Accounts (INSANE value)
✅ Everything you need to start charging $5K-$10K per funnel

And it's going away...

Will you be the one who acts? Or the one who watches from the sidelines?

👉 Save your spot before the timer hits zero here: https://www.onecommaclub.com/go",,https://www.onecommaclub.com/go,https://app.foreplay.co/discovery?ad=F9ob6quX6UglNzSeTqA7,F9ob6quX6UglNzSeTqA7,https://r2.foreplay.co/eec69f69ee1ae0488bae80b44c2ec45290632b6e47ff08a47dac70ecc6a70bf3.png
09_ClickFunnels,ClickFunnels,6,163,2026-04-07,IMAGE,LEARN_MORE,Lifetime Deal Almost Expired!,"🚨 YOUR LIFETIME CLICKFUNNELS OFFER HAS ALMOST EXPIRED 🚨

You crushed the One Comma Club Challenge...

But now its time to lock in that lifetime deal...

✅ LIFETIME ClickFunnels access ($35,640 value)
✅ Official Funnel Builder Certification ($14,997 value)
✅ 50 Reseller/Agency Accounts (INSANE value)
✅ Everything you need to start charging $5K-$10K per funnel

And it's going away...

Will you be the one who acts? Or the one who watches from the sidelines?

👉 Save your spot before the timer hits zero here: https://www.onecommaclub.com/go",,https://www.onecommaclub.com/go,https://app.foreplay.co/discovery?ad=DY5ltRaIgZRLJHj9Pg9h,DY5ltRaIgZRLJHj9Pg9h,https://r2.foreplay.co/4e372f604de49c6404a75f372a18ad9e7e914f8797059aa7780e18094207b725.png
09_ClickFunnels,ClickFunnels,7,64,2026-07-15,IMAGE,SEE_DETAILS,Join Saturday @ 10 AM PT,"Stop scrolling if you’ve built a Shopify store… and still haven’t made real money.
(and I’m not talking about a $7 sale from your cousin....)

I mean a real sale....from a real customer. (Straight into your bank account....)

If you’ve tried dropshipping… FBA… YouTube hacks… random TikTok trends…
And you’re still stuck at zero, this is for YOU.

This is for beginners who are DONE guessing.

I’m hosting a live walkthrough showing you the shortest path to your first Single Product Payday.

If you’re serious about finally cracking e-commerce…

Go register now  https://www.singleproductpayday.com/register",,https://www.singleproductpayday.com/register,https://app.foreplay.co/discovery?ad=B2Pqas0EBfq2RZXMpV8I,B2Pqas0EBfq2RZXMpV8I,https://r2.foreplay.co/aca26aa95e94209af85c9a166483f60b9e294a4596d17420f4ade6d95280f78f.png
09_ClickFunnels,ClickFunnels,8,57,2026-07-22,IMAGE,SIGN_UP,Stop trading your week for no-shows.,"On this free training, you will see the thing that sits in front of your calendar and screens out people who were never going to say yes before they book.

If that sounds familiar, your problem is not your offer. It is not your closing skills. It is that your calendar has no filter on the front end.

You walk into every call with someone who is already pre-sold on working with you. That is the shift.

Save your seat for the free live training.",,https://www.clickfunnels.com/ready,https://app.foreplay.co/discovery?ad=IvCcauaoxHNaw6JXtQFn,IvCcauaoxHNaw6JXtQFn,https://r2.foreplay.co/87c08638b2e63b82d3c4301fdb3931f599ccaa257b11937bff5b6df9bf949547.png
09_ClickFunnels,ClickFunnels,9,9,2026-09-08,IMAGE,SIGN_UP,Booked out but still burning out?,"You're fully booked. So why doesn't it feel like enough?

Because half those calls are going now here. Tire-kickers who want to be convinced. No-shows who ghost you. People who ask your price and disappear.

You don't have a lead problem. You have a filter problem.

And there is one thing sitting in front of the calendars of coaches who only talk to serious buyers. We are showing you exactly what it is in this free live training.

Join us to see how coaches are filling their calendars with clients who are ready to buy.",,https://www.clickfunnels.com/ready,https://app.foreplay.co/discovery?ad=yge7ab6HA7AxuFd5sOqB,yge7ab6HA7AxuFd5sOqB,https://r2.foreplay.co/856e6b2be93ee34d09f4502e7baa969cc5169baf2cde2432b2a32bbd047e4969.png
09_ClickFunnels,ClickFunnels,10,9,2026-09-08,IMAGE,SIGN_UP,Booked out but still burning out?,"You're fully booked. So why doesn't it feel like enough?

Because half those calls are going now here. Tire-kickers who want to be convinced. No-shows who ghost you. People who ask your price and disappear.

You don't have a lead problem. You have a filter problem.

And there is one thing sitting in front of the calendars of coaches who only talk to serious buyers. We are showing you exactly what it is in this free live training.

Join us to see how coaches are filling their calendars with clients who are ready to buy.",,https://www.clickfunnels.com/ready,https://app.foreplay.co/discovery?ad=wJAdKkmIUuWAtB5VjNt9,wJAdKkmIUuWAtB5VjNt9,https://r2.foreplay.co/9e862e2f802aa9f5f65318817dbca806f0195d930e9a19c9117d744e59343388.png
09_ClickFunnels,ClickFunnels,11,9,2026-09-08,IMAGE,SIGN_UP,Booked out but still burning out?,"You're fully booked. So why doesn't it feel like enough?

Because half those calls are going now here. Tire-kickers who want to be convinced. No-shows who ghost you. People who ask your price and disappear.

You don't have a lead problem. You have a filter problem.

And there is one thing sitting in front of the calendars of coaches who only talk to serious buyers. We are showing you exactly what it is in this free live training.

Join us to see how coaches are filling their calendars with clients who are ready to buy.",,https://www.clickfunnels.com/ready,https://app.foreplay.co/discovery?ad=vGv13NoCqiHKhuUDz637,vGv13NoCqiHKhuUDz637,https://r2.foreplay.co/33973f4bba7e0bf269a622c55d8b75ac96693497e9750ea494af7434d4ff3fe9.png
09_ClickFunnels,ClickFunnels,12,9,2026-09-08,IMAGE,SIGN_UP,Booked out but still burning out?,"You're fully booked. So why doesn't it feel like enough?

Because half those calls are going now here. Tire-kickers who want to be convinced. No-shows who ghost you. People who ask your price and disappear.

You don't have a lead problem. You have a filter problem.

And there is one thing sitting in front of the calendars of coaches who only talk to serious buyers. We are showing you exactly what it is in this free live training.

Join us to see how coaches are filling their calendars with clients who are ready to buy.",,https://www.clickfunnels.com/ready,https://app.foreplay.co/discovery?ad=ttZXDl8fndAsvHnnFtMA,ttZXDl8fndAsvHnnFtMA,https://r2.foreplay.co/115cbecfe558de9da24e454af435a7b97bf8acfa2277e06faf68a5dca7b16632.png
09_ClickFunnels,ClickFunnels,13,9,2026-09-08,IMAGE,SIGN_UP,Booked out but still burning out?,"You're fully booked. So why doesn't it feel like enough?

Because half those calls are going now here. Tire-kickers who want to be convinced. No-shows who ghost you. People who ask your price and disappear.

You don't have a lead problem. You have a filter problem.

And there is one thing sitting in front of the calendars of coaches who only talk to serious buyers. We are showing you exactly what it is in this free live training.

Join us to see how coaches are filling their calendars with clients who are ready to buy.",,https://www.clickfunnels.com/ready,https://app.foreplay.co/discovery?ad=qSGSotCQa0U7sADEiORO,qSGSotCQa0U7sADEiORO,https://r2.foreplay.co/f3524038a88d2c430418379aab02d31851441c28ee02d680ab535d4dae9b6e39.png
09_ClickFunnels,ClickFunnels,14,9,2026-09-08,IMAGE,SIGN_UP,Booked out but still burning out?,"You're fully booked. So why doesn't it feel like enough?

Because half those calls are going now here. Tire-kickers who want to be convinced. No-shows who ghost you. People who ask your price and disappear.

You don't have a lead problem. You have a filter problem.

And there is one thing sitting in front of the calendars of coaches who only talk to serious buyers. We are showing you exactly what it is in this free live training.

Join us to see how coaches are filling their calendars with clients who are ready to buy.",,https://www.clickfunnels.com/ready,https://app.foreplay.co/discovery?ad=pKGc2lyVrBsmDPmhMzeL,pKGc2lyVrBsmDPmhMzeL,https://r2.foreplay.co/d1c9f2f666a16f9a76ec221999395f2c616ed280836b6f500f31928d3cf106bc.png
09_ClickFunnels,ClickFunnels,15,9,2026-09-08,IMAGE,SIGN_UP,Booked out but still burning out?,"You're fully booked. So why doesn't it feel like enough?

Because half those calls are going now here. Tire-kickers who want to be convinced. No-shows who ghost you. People who ask your price and disappear.

You don't have a lead problem. You have a filter problem.

And there is one thing sitting in front of the calendars of coaches who only talk to serious buyers. We are showing you exactly what it is in this free live training.

Join us to see how coaches are filling their calendars with clients who are ready to buy.",,https://www.clickfunnels.com/ready,https://app.foreplay.co/discovery?ad=lDB6B3iBISdauO5d26Wx,lDB6B3iBISdauO5d26Wx,https://r2.foreplay.co/9a82dff20da5319caf5556ab86232b0fe8c79af3ecdafc18e2bd53d5cac7d180.png
